City;IATA
Tallinn;TLL
Amsterdam;AMS
Athens;ATH
Berlin;TXL
Brussels;BRU
Copenhagen;CPH
Dublin;DUB
Düsseldorf;NRN
Edinburgh;EDI
Frankfurt;FRA
Girona;GRO
Helsinki;HEL
Istanbul;IST
Kiev;IEV
Kuressaare;URE
Kutaisi;KUT
Kärdla;KDL
London;LGW
Malaga;AGP
Malta;MLA
Milan;BGY
Minsk;MSQ
Moscow;SVO
Munich;MUC
Nice;NCE
Oslo;OSL
Paphos;PFO
Paris;CDG
Riga;RIX
Rome;FCO
Salzburg;SZG
Stockholm;ARN
Zürich;ZRH
Warsaw;WAW
Vienna;VIE
Vilnius;VNO
